{"count":1,"gauges":{},"self":16.0000368,"total":16.7446016,"children":{"AgentResetIfDone":{"count":801,"self":0.0019822999999999998,"total":0.0019822999999999998,"children":null},"AgentSendState":{"count":801,"self":0.0199278,"total":0.11859679999999999,"children":{"CollectObservations":{"count":3204,"self":0.098668999999999993,"total":0.098668999999999993,"children":null}}},"DecideAction":{"count":801,"self":0.6180036,"total":0.6180036,"children":null},"AcademyStep":{"count":801,"self":0,"total":0,"children":null},"AgentAct":{"count":801,"self":0.004985,"total":0.004985,"children":null}}}